lat,lon,elevation_m
42.86511,-88.52863,287.936523438
42.43854,-88.16913,224.270141602
42.72305,-88.40825,257.936798096
42.49548,-88.21678,277.803619385
42.83671,-88.50451,287.356811523
42.41006,-88.14534,224.270141602
42.46701,-88.19295,243.942398071
42.35309,-88.09782,240.754135132
42.89351,-88.55277,256.845825195
42.3246,-88.0741,236.528335571
42.95029,-88.60112,281.703918457
42.38158,-88.12157,226.471374512
42.77989,-88.45633,258.231170654
42.75147,-88.43228,310.522125244
42.63775,-88.33628,246.614364624
42.58086,-88.28842,260.217163086
42.8083,-88.48041,282.710632324
42.9219,-88.57693,278.98425293
42.66619,-88.36025,270.82232666
42.97867,-88.62533,255.643569946
42.5524,-88.26452,275.759979248
43.00705,-88.64956,261.957794189
42.52395,-88.24064,261.237670898
43.12051,-88.74671,266.034942627
42.69462,-88.38424,298.226318359
43.06379,-88.69809,252.509170532
43.20555,-88.81981,257.008331299
43.09215,-88.72239,264.020446777
43.26222,-88.86866,244.289016724
43.34718,-88.9421,261.711517334
43.03542,-88.67381,262.946228027
43.46039,-89.04034,286.918914795
43.17721,-88.79542,247.661849976
43.23389,-88.84422,251.25352478
43.31886,-88.91759,247.74887085
43.4038,-88.99117,269.447052002
42.6093,-88.31234,254.485641479
43.63005,-89.18839,255.367675781
43.14886,-88.77105,243.794647217
43.60178,-89.16366,284.583068848
43.4321,-89.01574,264.980377197
43.85595,-89.3871,277.907623291
43.6583,-89.21315,250.593383789
43.79951,-89.33728,238.710006714
43.82773,-89.36218,245.175048828
43.54524,-89.11426,286.323730469
43.29054,-88.89311,250.294219971
43.37549,-88.96662,269.275115967
43.57352,-89.13895,312.275054932
43.96878,-89.48702,297.303100586
43.48868,-89.06495,276.983947754
44.13785,-89.63761,317.14050293
44.08152,-89.58732,326.352539062
44.10969,-89.61245,321.016448975
43.7148,-89.26273,247.693328857
43.88417,-89.41204,250.085662842
43.51696,-89.0896,290.779663086
43.99697,-89.51206,292.3359375
44.02516,-89.53712,310.500244141
44.36297,-89.83974,309.935974121
44.39109,-89.86512,316.383728027
43.91238,-89.43701,272.868133545
44.33485,-89.81439,309.464019775
44.25046,-89.73848,313.606903076
44.27859,-89.76376,314.722076416
44.4192,-89.89052,315.397857666
43.68656,-89.23793,242.936828613
44.30673,-89.78907,310.154418945
43.77128,-89.31241,236.27633667
44.22231,-89.71323,312.829956055
43.74304,-89.28756,233.688491821
44.58773,-90.04344,368.099884033
44.4754,-89.9414,342.974578857
43.94058,-89.462,262.604095459
44.50349,-89.96687,334.484008789
44.55966,-90.01789,356.707519531
44.4473,-89.91595,326.360748291
44.53158,-89.99237,342.32510376
44.05334,-89.56221,330.69732666
44.92419,-90.35195,416.061340332
44.64387,-90.09461,380.165802002
44.19417,-89.688,313.384124756
44.16601,-89.66279,313.965484619
44.6158,-90.06901,366.500823975
44.98018,-90.40372,421.755737305
45.00817,-90.42964,409.255401611
44.86817,-90.30028,399.614593506
44.81213,-90.24871,413.330780029
44.75606,-90.19724,399.629425049
44.69998,-90.14588,365.273864746
45.12007,-90.53358,413.564422607
45.0921,-90.50756,416.683258057
45.06413,-90.48156,409.324768066
45.14803,-90.55963,411.917694092
44.67192,-90.12023,372.480773926
44.95219,-90.37782,419.883270264
45.03616,-90.45559,414.708343506
44.84015,-90.27448,401.718780518
44.72802,-90.17155,386.537780762
45.23187,-90.63794,415.397186279
44.7841,-90.22297,391.914123535
45.31566,-90.71647,394.594573975
45.37149,-90.76896,378.464447021
44.89618,-90.3261,409.254119873
45.48307,-90.87424,387.653320312
45.53883,-90.92704,389.02355957
45.5667,-90.95347,375.482208252
45.51095,-90.90062,389.223419189
45.20393,-90.61181,456.06362915
45.17598,-90.58571,456.925567627
45.67811,-91.05949,387.052490234
45.39939,-90.79524,374.310028076
45.62242,-91.00643,373.736541748
45.84505,-91.2193,470.259674072
45.76161,-91.13928,385.019805908
45.28773,-90.69027,400.455413818
45.2598,-90.66409,409.230010986
45.92843,-91.29957,399.070831299
45.42729,-90.82155,378.235534668
45.90065,-91.27279,406.84552002
45.87285,-91.24603,400.916595459
45.98399,-91.35322,414.456848145
45.34357,-90.7427,387.483764648
45.78943,-91.16593,382.600891113
46.20597,-91.56888,376.750915527
46.03953,-91.40697,406.162689209
45.45518,-90.84788,384.758270264
45.73378,-91.11265,389.530853271
45.59456,-90.97994,391.840362549
46.34451,-91.70456,351.117401123
46.37219,-91.73178,348.487579346
46.39987,-91.75902,312.503509521
46.28911,-91.65021,346.6769104
45.70595,-91.08606,386.976257324
46.09503,-91.46083,383.778442383
46.48288,-91.84093,365.407836914
46.12278,-91.4878,394.953094482
46.42755,-91.7863,378.516448975
45.95622,-91.32638,411.348999023
45.81724,-91.1926,455.462036133
46.53818,-91.89567,334.768859863
46.31681,-91.67737,341.67010498
46.64871,-92.00548,208.564468384
46.75913,-92.11575,183.490005493
46.51053,-91.86828,354.88394165
46.73153,-92.08814,187.311904907
46.26141,-91.62307,348.72442627
46.78672,-92.14339,372.657897949
46.84187,-92.19875,433.402191162
46.62108,-91.97799,225.838562012
45.65027,-91.03294,387.769561768
46.01176,-91.38008,422.708282471
46.56582,-91.92308,306.242431641
46.15052,-91.5148,401.413238525
46.23369,-91.59596,350.768066406
46.06728,-91.43389,385.047180176
46.17825,-91.54183,388.588653564
46.45522,-91.8136,371.708557129
46.8143,-92.17105,405.686401367
46.59346,-91.95052,305.962615967
46.67632,-92.03301,198.690795898
46.70393,-92.06056,198.884536743
