osm_id,osm_type,category,name,lat,lon,bbox_area_m2,tags,cross_track_nm,along_track_nm,within_preferred_corridor
151331909,node,town,Superior,46.7207737,-92.1040796,0.0,"{""capital"": ""6"", ""ele"": ""196"", ""gnis:feature_id"": ""1575125"", ""name"": ""Superior"", ""name:oj"": ""Gete-oodenaang"", ""name:ru"": ""\u0421\u044c\u044e\u043f\u0438\u0440\u0438\u043e\u0440"", ""place"": ""city"", ""population"": ""26751"", ""population:date"": ""2020"", ""source:population"": ""US Census"", ""wikidata"": ""Q984577"", ""wikipedia"": ""en:Superior, Wisconsin""}",-0.9062706124553433,315.2227331154728,False
153420031,node,town,Montello,43.7918612,-89.3288187,0.0,"{""capital"": ""6"", ""ele"": ""242"", ""gnis:feature_id"": ""1569671"", ""name"": ""Montello"", ""name:ru"": ""\u041c\u043e\u043d\u0442\u0435\u043b\u043b\u043e"", ""name:win"": ""cuugis\u0105\u0105 horus"", ""place"": ""town"", ""population"": ""1472"", ""population:date"": ""2006"", ""source:population"": ""US Census"", ""wikidata"": ""Q1570058"", ""wikipedia"": ""en:Montello, Wisconsin""}",0.06287880829953042,103.87431750753558,True
153546173,node,town,Round Lake,42.353355,-88.0934145,0.0,"{""ele"": ""243"", ""gnis:feature_id"": ""416994"", ""name"": ""Round Lake"", ""place"": ""town"", ""population"": ""16220"", ""population:date"": ""2006"", ""source:population"": ""US Census"", ""wikidata"": ""Q2666736"", ""wikipedia"": ""en:Round Lake, Illinois""}",0.1748450217730446,1.9196549852275817,True
153566547,node,town,Round Lake Beach,42.3716881,-88.0900806,0.0,"{""ele"": ""233"", ""gnis:feature_id"": ""416995"", ""name"": ""Round Lake Beach"", ""place"": ""town"", ""population"": ""28283"", ""population:date"": ""2006"", ""source:population"": ""US Census"", ""wikidata"": ""Q2049990"", ""wikipedia"": ""en:Round Lake Beach, Illinois""}",0.877854028468195,2.7794547217693624,False
353870611,node,lake_or_pond,Big Falls Flowage,45.5558854,-90.9604238,0.0,"{""ele"": ""372"", ""gnis:feature_id"": ""1561722"", ""name"": ""Big Falls Flowage"", ""natural"": ""water"", ""water"": ""reservoir""}",-0.6026291093214926,230.63529373361268,False
3199668805,node,lake_or_pond,Tagalder Bay,46.0992226,-91.4417184,0.0,"{""name"": ""Tagalder Bay"", ""natural"": ""water"", ""water"": ""Bay""}",0.8005414444115714,268.945729227873,False
4639063671,node,stadium,Ole Haugsrud Stadium,46.7195465,-92.0857201,0.0,"{""addr:city"": ""Superior"", ""addr:housenumber"": ""1515"", ""addr:postcode"": ""54880"", ""addr:state"": ""WI"", ""addr:street"": ""Mertz Mortorelli Memorial Drive"", ""alt_name"": ""Memorial Field"", ""leisure"": ""stadium"", ""name"": ""Ole Haugsrud Stadium"", ""operator"": ""University of Wisconsin-Superior""}",-0.32459963374779355,314.7346998352643,False
24378665,way,lake_or_pond,Wood Lake,43.97777045,-89.51187668155421,564971.3739893439,"{""gnis:feature_id"": ""1576967"", ""name"": ""Wood Lake"", ""natural"": ""water"", ""water"": ""lake""}",-0.6144271457022453,117.54484697921525,False
28522546,way,lake_or_pond,Hahns Lake,43.135525900000005,-88.7826622494077,529516.0340079442,"{""created_by"": ""Potlatch 0.10f"", ""name"": ""Hahns Lake"", ""natural"": ""water"", ""wikidata"": ""Q35704734""}",-0.8561657945284045,57.847417545939464,False
31032636,way,lake_or_pond,Upper Spring Lake,42.887792399999995,-88.55278142521857,590293.3494123732,"{""ele"": ""254"", ""gnis:feature_id"": ""1575993"", ""name"": ""Upper Spring Lake"", ""natural"": ""water"", ""water"": ""reservoir"", ""wikidata"": ""Q49703045""}",-0.18207877569087383,39.885314609337904,True
34020498,way,lake_or_pond,Mills Lake,46.406002900000004,-91.76223681116353,51890.01017986001,"{""gnis:feature_id"": ""1569525"", ""name"": ""Mills Lake"", ""natural"": ""water"", ""nhd:com_id"": ""111727623"", ""nhd:fdate"": ""Mon Nov 17 00:00:00 CST 2003"", ""nhd:reach_code"": ""04010301001914""}",0.09670871495195102,291.65792989750673,True
34318182,way,lake_or_pond,Pickle Pond,46.717620249999996,-92.06011647809525,375818.8428566814,"{""name"": ""Pickle Pond"", ""natural"": ""water"", ""water"": ""pond""}",0.47950753664165213,314.04367083423716,False
59497708,way,lake_or_pond,Lake of the Woods,46.378500700000004,-91.76405997760972,201087.81834594798,"{""name"": ""Lake of the Woods"", ""natural"": ""water"", ""source"": ""NHD"", ""wikidata"": ""Q35733912""}",-0.8935859347636099,290.3344398503168,False
59498282,way,lake_or_pond,Flamang Lake,46.32791225,-91.69448965502049,46624.6371613159,"{""name"": ""Flamang Lake"", ""natural"": ""water"", ""source"": ""NHD""}",-0.21366771441642274,286.2022356279366,True
59499128,way,lake_or_pond,Gilbert Lake,46.40312915,-91.78846046513746,38370.74937725231,"{""name"": ""Gilbert Lake"", ""natural"": ""water"", ""source"": ""NHD"", ""water"": ""pond""}",-0.8982655452257596,292.1254172684427,False
59505258,way,lake_or_pond,Metzger Lake,46.31805355,-91.68799935322139,89755.29864612805,"{""name"": ""Metzger Lake"", ""natural"": ""water"", ""source"": ""NHD""}",-0.3230797077689063,285.5612833449159,False
59547996,way,lake_or_pond,Goose Lake,46.223282850000004,-91.60945301364542,275375.5047179111,"{""name"": ""Goose Lake"", ""natural"": ""water"", ""source"": ""NHD"", ""wikidata"": ""Q35701505""}",-0.8142996841696959,279.0219617399097,False
59548424,way,lake_or_pond,Bullhead Lake,46.0778801,-91.43468229963703,45758.391198374426,"{""name"": ""Bullhead Lake"", ""natural"": ""water"", ""source"": ""NHD"", ""water"": ""lake""}",0.32789070396577513,267.71916310205785,False
59551399,way,lake_or_pond,Milny Lake,46.0813409,-91.4380680363935,102946.66327517973,"{""name"": ""Milny Lake"", ""natural"": ""water"", ""source"": ""NHD"", ""water"": ""lake""}",0.3269715224128736,267.97027698476575,False
123535961,way,lake_or_pond,Lake Victoria,42.5139339,-88.25222426695987,20061.550535561255,"{""name"": ""Lake Victoria"", ""natural"": ""water"", ""source"": ""Bing"", ""water"": ""lake""}",-0.7521483917624171,13.820030773471963,False
123535963,way,lake_or_pond,Lake Mary,42.52326665,-88.25761251936056,2327687.042015822,"{""name"": ""Lake Mary"", ""natural"": ""water"", ""source"": ""Bing"", ""water"": ""lake""}",-0.6602835552607509,14.422029223123824,False
123759640,way,lake_or_pond,Kathryn Lake,45.2039392,-90.62398777977229,638025.4711568712,"{""name"": ""Kathryn Lake"", ""natural"": ""water"", ""source"": ""Bing"", ""water"": ""lake""}",-0.4298540688416278,205.18343870481092,False
205353008,way,lake_or_pond,Sunfish Lake,45.93645135,-91.28993451204335,45996.21769886791,"{""name"": ""Sunfish Lake"", ""natural"": ""water""}",0.6023405222184163,257.3044517494687,False
205356151,way,lake_or_pond,Blueberry Lake,45.88119585,-91.25251654222663,2567671.5668523135,"{""name"": ""Blueberry Lake"", ""natural"": ""water"", ""water"": ""lake""}",0.0536965364859945,253.6783278478372,True
208442375,way,lake_or_pond,Twin Ponds,46.778466550000005,-92.12396188852402,20817.905148730133,"{""name"": ""Twin Ponds"", ""natural"": ""water"", ""official_name"": ""Twin Lakes"", ""water"": ""pond""}",0.3782904313470384,318.5420047541321,False
220680324,way,lake_or_pond,Dyer Lake,42.60567365,-88.2950623464726,353534.21496616467,"{""name"": ""Dyer Lake"", ""natural"": ""water"", ""water"": ""lake;pond"", ""website"": ""https://geonames.usgs.gov/pls/gnispublic/f?p=132:2:1680161974429546::NO:RP::"", ""wikidata"": ""Q49700593""}",0.5343977511864502,19.5009608470234,False
229121284,way,lake_or_pond,Lake Lure,42.358817,-88.12456662540163,117322.92073773897,"{""alt_name"": ""Mud Lake"", ""intermittent"": ""no"", ""name"": ""Lake Lure"", ""natural"": ""water"", ""salt"": ""no"", ""tidal"": ""no"", ""water"": ""lake""}",-0.8300270772046708,2.9237243440799054,False
254297090,way,lake_or_pond,Mud Lake,42.439152050000004,-88.18719867311128,54965.52029814619,"{""name"": ""Mud Lake"", ""natural"": ""water"", ""water"": ""lake""}",-0.6619415218045643,8.486823251238429,False
254297093,way,lake_or_pond,Turner Lake,42.449655199999995,-88.19142492163878,352745.23805885157,"{""name"": ""Turner Lake"", ""natural"": ""water"", ""water"": ""lake""}",-0.49006412085427925,9.121798619335314,False
264541923,way,lake_or_pond,Tarrant Lake,43.54512165,-89.10332734166113,225297.10110595316,"{""gnis:feature_id"": ""1575261"", ""name"": ""Tarrant Lake"", ""natural"": ""water"", ""water"": ""reservoir""}",0.3982288431797192,86.11883766547139,False
270000400,way,lake_or_pond,Harris Pond,43.88660075,-89.40111408990576,2659054.7575617284,"{""ele"": ""250"", ""gnis:feature_id"": ""1791805"", ""name"": ""Harris Pond"", ""natural"": ""water"", ""water"": ""reservoir""}",0.47723931340849196,110.3539938992394,False
292879102,way,lake_or_pond,Echo Lake,43.80932705,-89.36048377435466,141401.37513959233,"{""name"": ""Echo Lake"", ""natural"": ""water"", ""water"": ""lake"", ""wikidata"": ""Q35695140"", ""wikipedia"": ""ceb:Echo Lake (lanaw sa Tinipong Bansa, Wisconsin, Marquette County, lat 43,81, long -89,36)""}",-0.5317114329147572,105.4957493544959,False
294906720,way,lake_or_pond,Moon Lake,43.8054283,-89.36716236671809,612189.303590212,"{""alt_name"": ""Birch Lake"", ""gnis:feature_id"": ""1569690"", ""name"": ""Moon Lake"", ""natural"": ""water"", ""water"": ""lake""}",-0.9015349618952405,105.45372580443296,False
304568773,way,lake_or_pond,Anderson Lake,45.2039538,-90.58991509860553,333166.0828964872,"{""name"": ""Anderson Lake"", ""natural"": ""water"", ""water"": ""lake""}",0.7745485682811996,204.3915780377728,False
355592053,way,lake_or_pond,Lake Eleven,45.1796736,-90.58719245903575,60930.72124904652,"{""name"": ""Lake Eleven"", ""natural"": ""water"", ""water"": ""lake""}",0.06945355726866782,203.11045467350567,True
355592054,way,lake_or_pond,Thief Lake,45.18623705,-90.60289310151535,56912.920995689354,"{""name"": ""Thief Lake"", ""natural"": ""water"", ""water"": ""lake""}",-0.26892663835174024,203.804912330125,False
355592055,way,lake_or_pond,Richter Lake,45.189208699999995,-90.58174578045319,342347.7562208581,"{""name"": ""Richter Lake"", ""natural"": ""water"", ""water"": ""lake""}",0.5766746192517589,203.46202371691015,False
359588410,way,lake_or_pond,Rubber Duck Pond,42.3995593,-88.1284190021527,29497.764794081217,"{""name"": ""Rubber Duck Pond"", ""natural"": ""water"", ""water"": ""lake""}",0.30778216845699097,5.095914855773602,False
430826401,way,lake_or_pond,North Lake,42.340886049999995,-88.10420956265796,55468.777626316485,"{""name"": ""North Lake"", ""natural"": ""water"", ""water"": ""lake""}",-0.6255850576172434,1.5333368692516371,False
475086638,way,lake_or_pond,Round Lake Marsh,42.34983870000001,-88.10158612695771,185427.237090223,"{""name"": ""Round Lake Marsh"", ""natural"": ""water"", ""water"": ""pond""}",-0.24459972729648943,1.9299880726480825,True
675342339,way,lake_or_pond,Palmer Creek,42.55316655,-88.24492685723156,93894.9590608304,"{""name"": ""Palmer Creek"", ""natural"": ""water"", ""water"": ""pond""}",0.7610760017049334,15.65387577740781,False
1149301348,way,lake_or_pond,Vesper Pond 38,44.48484665,-89.97036947268795,182877.20580029825,"{""ele"": ""328"", ""gnis:feature_id"": ""1792313"", ""name"": ""Vesper Pond 38"", ""natural"": ""water"", ""water"": ""reservoir""}",-0.7340133158617964,153.8207700404837,False
1163179313,way,lake_or_pond,Central Cattle Pond,42.34102375,-88.11324133915232,16611.244819340038,"{""name"": ""Central Cattle Pond"", ""natural"": ""water"", ""source"": ""https://maps.lakecountyil.gov/trailmap/"", ""water"": ""pond""}",-0.9625310358659117,1.7505755804382268,False
1237546887,way,lake_or_pond,McMillan Reservoir,44.738588899999996,-90.20192852095114,1884962.190239647,"{""alt_name"": ""Reservoir Lake 54;McMillan Marsh Reservoir"", ""ele"": ""390"", ""gnis:feature_id"": ""2770688;1793213"", ""name"": ""McMillan Reservoir"", ""natural"": ""water"", ""water"": ""reservoir""}",-0.7399437593340059,171.9881529381944,False
1373926852,way,lake_or_pond,Long Beach Gardens Pond,42.369611649999996,-88.13286904533672,2651.3762230912153,"{""name"": ""Long Beach Gardens Pond"", ""natural"": ""water"", ""water"": ""pond""}",-0.8035708811949703,3.66871477762752,False
1418548343,way,lake_or_pond,Page Street Pond,46.8129239,-92.15063239894295,8843.33782043937,"{""name"": ""Page Street Pond"", ""natural"": ""water"", ""water"": ""pond""}",0.6449877139546087,320.8681037793905,False
1427242129,way,stadium,Superior Choice Credit Union Stadium,46.71817035,-92.08579083635453,25019.288052672768,"{""addr:city"": ""Superior"", ""addr:housenumber"": ""15550"", ""addr:postcode"": ""54880"", ""addr:state"": ""WI"", ""addr:street"": ""Mertz Mortorelli Memorial Drive"", ""leisure"": ""stadium"", ""name"": ""Superior Choice Credit Union Stadium"", ""operator"": ""University of Wisconsin-Superior"", ""sport"": ""soccer""}",-0.3737077129709559,314.66818884182095,False
1451367158,way,lake_or_pond,2 Reservoir,42.839118,-88.4963271726393,189104.24510303367,"{""ele"": ""271;268"", ""gnis:feature_id"": ""1792480;1793361"", ""name"": ""2 Reservoir"", ""natural"": ""water"", ""water"": ""reservoir""}",0.38210320266371006,36.091263139782114,False
1451367561,way,lake_or_pond,Pabst Lake 5,42.82729115,-88.48799294181606,116609.25762511227,"{""ele"": ""259"", ""gnis:feature_id"": ""1792884"", ""name"": ""Pabst Lake 5"", ""natural"": ""water"", ""water"": ""reservoir""}",0.3185533149939047,35.29449193651105,False
1549528379,way,lake_or_pond,Rome Pond 114,42.9808975,-88.6280085189712,18763.043410057042,"{""ele"": ""253"", ""gnis:feature_id"": ""1792161"", ""name"": ""Rome Pond 114"", ""natural"": ""water"", ""water"": ""reservoir""}",-0.029140843823006402,46.37842737539302,True
300734,relation,lake_or_pond,Big Falls Flowage 1894,45.5727091,-90.94735096602554,6881050.861753711,"{""gnis:feature_id"": ""1793061"", ""name"": ""Big Falls Flowage 1894"", ""natural"": ""water"", ""nhd:com_id"": ""69887454"", ""nhd:fdate"": ""Fri Feb 07 00:00:00 CST 2003"", ""nhd:reach_code"": ""07050002004263"", ""type"": ""multipolygon"", ""water"": ""reservoir""}",0.4141077803865567,231.17243394165382,False
918621,relation,lake_or_pond,Grass Lake,42.445268850000005,-88.16047414424109,14879557.775700802,"{""name"": ""Grass Lake"", ""natural"": ""water"", ""type"": ""multipolygon""}",0.5386248397700069,8.177640401361796,False
919126,relation,lake_or_pond,Nelson Lake,46.0972015,-91.45679609355355,37623255.836163744,"{""ele"": ""382"", ""gnis:feature_id"": ""1570165"", ""name"": ""Nelson Lake"", ""natural"": ""water"", ""source"": ""NHD"", ""type"": ""multipolygon"", ""water"": ""reservoir""}",0.21209590838384015,269.19575194214525,True
919212,relation,lake_or_pond,Phipps Flowage,46.0654083,-91.42698316989387,5057612.465658264,"{""name"": ""Phipps Flowage"", ""natural"": ""water"", ""source"": ""NHD"", ""type"": ""multipolygon"", ""water"": ""reservoir""}",0.17576090502373884,266.918898805231,True
2743812,relation,lake_or_pond,Fox Lake,42.411904449999994,-88.14945396063496,15810931.745915849,"{""name"": ""Fox Lake"", ""natural"": ""water"", ""type"": ""multipolygon"", ""water"": ""lake""}",-0.0971369256868819,6.216215025751595,True
3540095,relation,lake_or_pond,Lake Montello,43.8061561,-89.34193324655578,4655826.800571855,"{""ele"": ""239"", ""gnis:feature_id"": ""1791807"", ""name"": ""Lake Montello"", ""name:win"": ""cuugis\u0105\u0105 horus"", ""natural"": ""water"", ""type"": ""multipolygon"", ""water"": ""reservoir""}",0.044119974148329646,104.90352784064756,True
3774858,relation,lake_or_pond,Nepco Lake,44.3417184,-89.82538038487967,8284634.537076535,"{""ele"": ""298"", ""gnis:feature_id"": ""1570179"", ""name"": ""Nepco Lake"", ""natural"": ""water"", ""type"": ""multipolygon"", ""water"": ""reservoir""}",-0.1732284373312696,143.228331991932,True
4057912,relation,lake_or_pond,Mill Pond,42.977957700000005,-88.60628574800847,3153263.002389538,"{""name"": ""Mill Pond"", ""natural"": ""water"", ""type"": ""multipolygon""}",0.6868161762464254,45.72342579119775,False
4057917,relation,lake_or_pond,Rome Pond,42.98538595,-88.6240008582665,1126183.6397305448,"{""ele"": ""254"", ""gnis:feature_id"": ""1572558"", ""name"": ""Rome Pond"", ""natural"": ""water"", ""type"": ""multipolygon""}",0.2628992865798512,46.513788000128265,False
6416924,relation,lake_or_pond,South Lake,42.3386484,-88.10611255809386,61296.02317018158,"{""name"": ""South Lake"", ""natural"": ""water"", ""type"": ""multipolygon"", ""water"": ""lake""}",-0.7679474667803471,1.46322771044039,False
6767901,relation,lake_or_pond,Twin Lakes,46.352572249999994,-91.73315799792044,2094446.08169651,"{""name"": ""Twin Lakes"", ""natural"": ""water"", ""source"": ""NHD"", ""type"": ""multipolygon""}",-0.7088925897973284,288.3273117270059,False
7291421,relation,lake_or_pond,Lost Lake,44.33963355,-89.8061841648013,61500.804727224364,"{""name"": ""Lost Lake"", ""natural"": ""water"", ""type"": ""multipolygon"", ""water"": ""pond""}",0.45182810451571664,142.67656796872672,False
7791477,relation,lake_or_pond,Long Lake,42.374709100000004,-88.13313382568754,3325557.8074238393,"{""intermittent"": ""no"", ""name"": ""Long Lake"", ""natural"": ""water"", ""salt"": ""no"", ""source"": ""Bing"", ""tidal"": ""no"", ""type"": ""multipolygon"", ""water"": ""lake""}",-0.6529936897949675,3.9354225636992974,False
10481063,relation,lake_or_pond,Doyle's Lake,42.815799150000004,-88.50617037184634,493157.4516926251,"{""name"": ""Doyle's Lake"", ""natural"": ""water"", ""type"": ""multipolygon"", ""water"": ""lake""}",-0.7256410923517286,35.131587776707185,False
10481065,relation,lake_or_pond,Swift Lake,42.81800805,-88.51255909717182,166975.56267101024,"{""intermittent"": ""no"", ""name"": ""Swift Lake"", ""natural"": ""water"", ""ref:wbic"": ""741800"", ""salt"": ""no"", ""type"": ""multipolygon"", ""water"": ""pond"", ""website"": ""https://dnr.wi.gov/lakes/lakepages/LakeDetail.aspx?wbic=741800"", ""wikidata"": ""Q49312655""}",-0.8944291684531581,35.39286900484634,False
10484438,relation,lake_or_pond,Willow Pond,42.7999662,-88.44668703120038,125858.18557600092,"{""name"": ""Willow Pond"", ""natural"": ""water"", ""type"": ""multipolygon""}",0.997252436234023,32.94062679625943,False
10856297,relation,lake_or_pond,Kilby Lake,43.8038095,-89.35381305263792,274046.5751430805,"{""gnis:feature_id"": ""1567473"", ""name"": ""Kilby Lake"", ""natural"": ""water"", ""type"": ""multipolygon"", ""water"": ""lake"", ""wikidata"": ""Q35718427"", ""wikipedia"": ""ceb:Kilby Lake""}",-0.4657962738190468,105.06107149652978,False
28541763,way,river,Rock River,43.14061596244702,-88.76397109450033,0.0,"{""boat"": ""yes"", ""name"": ""Rock River"", ""name:cr"": ""\u140a\u14ef\u14c3\u14f0\u1431\u1429"", ""name:crk"": ""asin\u00ees\u00eepiy"", ""name:mez"": ""\u0101sep\u00e6h-s\u0113p\u0113w"", ""name:oj"": ""Asinii-ziibi"", ""name:pot"": ""sena zibe"", ""name:sak"": ""aseni-s\u00eep\u00f4wi"", ""name:win"": ""\u012f\u012fn\u012f saak"", ""waterway"": ""river""}",7.465650785610649e-08,57.67143539908787,True
28568753,way,river,Beaver Dam River,43.24340688680758,-88.85242944309917,0.0,"{""boat"": ""no"", ""name"": ""Beaver Dam River"", ""waterway"": ""river""}",3.928871527496621e-09,64.95718199719971,True
34809485,way,river,Black River,45.14249781121991,-90.55448003085344,0.0,"{""gnis:feature_id"": ""1578804"", ""name"": ""Black River"", ""name:dak"": ""S\u00e1pa Wakpa"", ""name:lkt"": ""S\u00e1pa Wakp\u00e1"", ""name:mez"": ""Ap\u012bs\u012bw-S\u012bpiah"", ""name:oj"": ""Makadewaagamiwi-ziibi"", ""name:win"": ""N\u012f\u012fsep"", ""waterway"": ""river"", ""wikidata"": ""Q4921629""}",2.341311530880504e-09,200.48458941208403,True
34810058,way,river,North Fork Popple River,44.99986244978288,-90.42194062042589,0.0,"{""gnis:feature_id"": ""1570437"", ""name"": ""North Fork Popple River"", ""nhd:com_id"": ""74695035"", ""nhd:fdate"": ""Mon Mar 10 00:00:00 CST 2003"", ""nhd:reach_code"": ""07040007003173"", ""waterway"": ""river""}",1.6854437336737819e-09,190.24133658758316,True
34863023,way,river,North Fork Popple River,45.005886202237555,-90.42752177371402,0.0,"{""gnis:feature_id"": ""1570437"", ""name"": ""North Fork Popple River"", ""nhd:com_id"": ""74694979"", ""nhd:fdate"": ""Mon Mar 10 00:00:00 CST 2003"", ""nhd:reach_code"": ""07040007000598"", ""waterway"": ""river""}",-2.9661759986775024e-08,190.67370572920348,True
34897044,way,river,North Fork Popple River,45.0029881550521,-90.42483648398517,0.0,"{""gnis:feature_id"": ""1570437"", ""name"": ""North Fork Popple River"", ""nhd:com_id"": ""74695019"", ""nhd:fdate"": ""Mon Mar 10 00:00:00 CST 2003"", ""nhd:reach_code"": ""07040007000598"", ""waterway"": ""river""}",4.155675218836825e-09,190.4656890605737,True
34897519,way,river,Flambeau River,45.56708714528814,-90.95384389049352,0.0,"{""gnis:feature_id"": ""1579255"", ""name"": ""Flambeau River"", ""waterway"": ""river""}",3.250479046329547e-07,231.04233070013052,True
34899221,way,river,Yellow River,45.26307475138909,-90.66715293108696,0.0,"{""gnis:feature_id"": ""1580839"", ""name"": ""Yellow River"", ""name:mez"": ""M\u0113kon-S\u0113p\u0113w"", ""name:oj"": ""Miigwan-ziibi"", ""waterway"": ""river""}",1.2342767669448697e-08,209.1523709790247,True
42800970,way,river,Jump River,45.3626451729067,-90.7606364416613,0.0,"{""gnis:feature_id"": ""1579558"", ""name"": ""Jump River"", ""nhd:com_id"": ""77568853"", ""nhd:fdate"": ""Fri Mar 28 00:00:00 CST 2003"", ""nhd:reach_code"": ""07050004000012"", ""waterway"": ""river""}",-1.1103401331215885e-08,216.31611348845283,True
42868674,way,river,Little Jump River,45.43434065144351,-90.82819768139134,0.0,"{""gnis:feature_id"": ""1579688"", ""name"": ""Little Jump River"", ""nhd:com_id"": ""77567669"", ""nhd:fdate"": ""Fri Mar 28 00:00:00 CST 2003"", ""nhd:reach_code"": ""07050004000108"", ""waterway"": ""river""}",6.330333743244811e-09,221.4777621064864,True
42868699,way,river,North Fork Popple River,45.0047795854775,-90.42649635879451,0.0,"{""gnis:feature_id"": ""1570437"", ""name"": ""North Fork Popple River"", ""nhd:com_id"": ""74694987"", ""nhd:fdate"": ""Mon Mar 10 00:00:00 CST 2003"", ""nhd:reach_code"": ""07040007000598"", ""waterway"": ""river""}",-4.1232852963827984e-10,190.59427420410535,True
42911275,way,river,Little Eau Pleine River,44.734241825211534,-90.17724316639656,0.0,"{""gnis:feature_id"": ""1568250"", ""name"": ""Little Eau Pleine River"", ""name:mez"": ""Man\u014dmen\u0101skon-S\u012bpiah"", ""name:oj"": ""Manoominikaanike-ziibi"", ""nhd:com_id"": ""152371697"", ""nhd:fdate"": ""Wed Jan 31 00:00:00 CST 2007"", ""nhd:reach_code"": ""07070002001072"", ""waterway"": ""river""}",1.0803376328575765e-09,171.19502629660258,True
59548160,way,river,Totagatic River,46.09861237851811,-91.464309505875,0.0,"{""name"": ""Totagatic River"", ""source"": ""NHD"", ""waterway"": ""river""}",1.2797250260897128e-08,269.44078686515445,True
59548655,way,river,Ounce River,46.21476608894233,-91.57746800622643,0.0,"{""name"": ""Ounce River"", ""source"": ""NHD"", ""waterway"": ""river""}",-5.610698938612439e-10,277.8540951385753,True
86193003,way,river,Saint Louis River,46.74812026945455,-92.10473331953376,0.0,"{""canoe"": ""yes"", ""intermittent"": ""no"", ""name"": ""Saint Louis River"", ""oneway:canoe"": ""no"", ""rapids"": ""no"", ""source"": ""NHD"", ""tidal"": ""no"", ""waterway"": ""river""}",2.5920640379739574e-07,316.59212512942213,True
263590929,way,river,Fox River,43.785366949072234,-89.324815453727,0.0,"{""canoe"": ""yes"", ""name"": ""Fox River"", ""name:mez"": ""W\u0101koh S\u0113p\u0113w"", ""name:oj"": ""jiiga`oshkodeg-ziibi"", ""name:win"": ""Wa\u0161ereke N\u012f\u012f\u0161\u0105n\u0105k"", ""tidal"": ""no"", ""waterway"": ""river""}",-1.056237621340543e-07,103.45219322763863,True
294907334,way,river,Montello River,43.8219484,-89.35707064105554,0.0,"{""name"": ""Montello River"", ""waterway"": ""river""}",-1.9084907836305173e-09,106.0555674933337,True
301608722,way,river,Eau Claire River,46.25113432628844,-91.6130193340556,0.0,"{""name"": ""Eau Claire River"", ""source"": ""NHD"", ""waterway"": ""river""}",-6.361083891819983e-09,280.4900064814596,True
304267068,way,river,Chippewa River,45.786809191555896,-91.16341536857254,0.0,"{""name"": ""Chippewa River"", ""name:dak"": ""\u1e22a\u1e23a\u1e6du\u019ewa\u019e Wakpa"", ""name:lkt"": ""\u021ea\u021f\u00e1t\u021fu\u014bwa\u014b Wakp\u00e1"", ""name:mez"": ""Oc\u012bp\u012bw-S\u0113p\u0113w"", ""name:oj"": ""Anishinaabe-ziibi"", ""source"": ""NHD"", ""waterway"": ""river""}",-9.815685592719768e-08,246.89561510923917,True
304597458,way,river,Namekagon River,46.05613086300676,-91.42306948158145,0.0,"{""canoe"": ""yes"", ""intermittent"": ""no"", ""name"": ""Namekagon River"", ""source"": ""NHD"", ""tidal"": ""no"", ""waterway"": ""river""}",1.2910526542721965e-08,266.36575609367105,True
304602632,way,river,Namekagon River,46.06239350849001,-91.42914421437538,0.0,"{""canoe"": ""yes"", ""intermittent"": ""no"", ""name"": ""Namekagon River"", ""source"": ""NHD"", ""tidal"": ""no"", ""waterway"": ""river""}",-4.4646621546232236e-08,266.81901121567233,True
304627942,way,river,Wisconsin River,44.37109046109072,-89.84706886999815,0.0,"{""alt_name:win"": ""N\u012f\u012fxetex\u0173n\u0173\u012fk"", ""boat"": ""yes"", ""name"": ""Wisconsin River"", ""name:mez"": ""W\u0113sk\u014dhs\u00e6h-S\u0113p\u0113w"", ""name:oj"": ""Wiishkoonsi-ziibi"", ""name:pot"": ""wishkosi-zibe"", ""name:win"": ""N\u012foxetex\u0173n\u0173n\u012fk"", ""waterway"": ""river""}",9.569559807728424e-09,145.21500195934567,True
307499479,way,river,Fourmile Creek,44.34267302124534,-89.82144104366002,0.0,"{""name"": ""Fourmile Creek"", ""waterway"": ""river""}",-1.1035998681526117e-08,143.184857305118,True
331010838,way,river,Westfield Creek,43.90052816570247,-89.42651830704769,0.0,"{""name"": ""Westfield Creek"", ""waterway"": ""river""}",7.869552495282058e-09,111.65000451261562,True
425637890,way,river,Montello River,43.87568719120851,-89.40454039599155,0.0,"{""name"": ""Montello River"", ""waterway"": ""river""}",-9.186137770608451e-09,109.8811431744684,True
456519174,way,river,Thornapple River,45.62503926434427,-91.0089237987372,0.0,"{""name"": ""Thornapple River"", ""waterway"": ""river""}",2.896252173254017e-08,235.22098568867946,True
479147569,way,river,Montello River,43.80521091969438,-89.34230670224609,0.0,"{""name"": ""Montello River"", ""waterway"": ""river""}",4.05607313716787e-08,104.86433922541495,True
479147570,way,river,Montello River,43.788119547654574,-89.3272408647268,0.0,"{""name"": ""Montello River"", ""waterway"": ""river""}",1.099005904327086e-09,103.6480635543993,True
830784422,way,river,Amnicon River,46.57674945092572,-91.93392659396957,0.0,"{""name"": ""Amnicon River"", ""waterway"": ""river""}",2.4827956821790153e-08,304.1260508573177,True
1449275802,way,river,Nemadji River,46.68864224325015,-92.04529956097775,0.0,"{""boat"": ""yes"", ""name"": ""Nemadji River"", ""waterway"": ""river""}",2.0363290347971036e-08,312.2634021910886,True
1449275810,way,river,Bluff Creek,46.67150000526549,-92.02820006902029,0.0,"{""alt_name"": ""Allouez River"", ""name"": ""Bluff Creek"", ""waterway"": ""river""}",-6.096544262407256e-10,311.0162304709867,True
1500067797,way,river,White River,42.65070993762329,-88.34720371503163,0.0,"{""canoe"": ""yes"", ""intermittent"": ""no"", ""name"": ""White River"", ""source"": ""Bing"", ""tidal"": ""no"", ""waterway"": ""river""}",-8.09389859061587e-12,23.012595044132482,True
1500117223,way,river,Bark River,42.98127630872316,-88.62754969238166,0.0,"{""name"": ""Bark River"", ""tidal"": ""no"", ""waterway"": ""river""}",1.1023954510380538e-09,46.38704500059896,True
1500117231,way,river,Bark River,42.98187276202439,-88.62805877876026,0.0,"{""name"": ""Bark River"", ""tidal"": ""no"", ""waterway"": ""river""}",-4.746288767012905e-11,46.42926431129087,True
1501076078,way,river,Fox River,43.78636931896575,-89.32569864401847,0.0,"{""canoe"": ""yes"", ""intermittent"": ""no"", ""name"": ""Fox River"", ""name:mez"": ""W\u0101koh S\u0113p\u0113w"", ""name:oj"": ""jiiga`oshkodeg-ziibi"", ""name:win"": ""Wa\u0161ereke N\u012f\u012f\u0161\u0105n\u0105k"", ""tidal"": ""no"", ""waterway"": ""river""}",1.4378396052918394e-10,103.52351973330565,True
1544300813,way,river,,45.50227806861327,-90.89241098660904,0.0,"{""layer"": ""-1"", ""waterway"": ""river""}",-1.645479225913047e-10,226.3715071761242,True
6584034,way,railroad,CN Superior Subdivision,44.64375194400297,-90.09450313879397,0.0,"{""electrified"": ""no"", ""gauge"": ""1435"", ""maxspeed"": ""60 mph"", ""name"": ""CN Superior Subdivision"", ""operator"": ""Canadian National Railway"", ""operator:wikidata"": ""Q624798"", ""railway"": ""rail"", ""railway:ctc"": ""yes"", ""railway:etms"": ""yes"", ""railway:preferred_direction"": ""both"", ""railway:ptc"": ""yes"", ""railway:rail"": ""continuous"", ""railway:track_class"": ""4"", ""railway:track_ref"": ""Main"", ""ref"": ""Superior"", ""reporting_marks"": ""CN"", ""usage"": ""main""}",-7.433920589330611e-06,164.71495790836863,True
18244549,way,railroad,BNSF Railway,46.765368619706656,-92.1219991384066,0.0,"{""electrified"": ""no"", ""gauge"": ""1435"", ""name"": ""BNSF Railway"", ""operator"": ""BNSF Railway"", ""operator:wikidata"": ""Q267122"", ""railway"": ""rail"", ""tiger:cfcc"": ""B11"", ""tiger:county"": ""St. Louis, MN"", ""tiger:name_base"": ""City of Duluth Railroad"", ""tiger:reviewed"": ""no""}",2.1420370462926892e-07,317.8478541946535,True
21462204,way,railroad,CN Superior Subdivision,46.602730301491846,-91.95973628206995,0.0,"{""electrified"": ""no"", ""gauge"": ""1435"", ""maxspeed"": ""30 mph"", ""name"": ""CN Superior Subdivision"", ""operator"": ""Canadian National Railway"", ""operator:wikidata"": ""Q624798"", ""railway"": ""rail"", ""railway:ctc"": ""yes"", ""railway:etms"": ""yes"", ""railway:preferred_direction"": ""both"", ""railway:ptc"": ""yes"", ""railway:rail"": ""continuous"", ""railway:track_class"": ""3"", ""railway:track_ref"": ""Main"", ""ref"": ""Superior"", ""usage"": ""main""}",-4.466763067782559e-06,306.01479931941265,True
21469236,way,railroad,Wisconsin Central Railroad,46.726724446113145,-92.08333479061822,0.0,"{""gauge"": ""1435"", ""name"": ""Wisconsin Central Railroad"", ""railway"": ""rail""}",-2.8304850203717287e-09,315.0347108489831,True
21485757,way,railroad,UP Adams Subdivision,43.65666722644401,-89.21171240553471,0.0,"{""electrified"": ""no"", ""gauge"": ""1435"", ""maxspeed"": ""50 mph"", ""name"": ""UP Adams Subdivision"", ""operator"": ""Union Pacific Railroad"", ""operator:wikidata"": ""Q725793"", ""railway"": ""rail"", ""railway:ptc"": ""yes"", ""railway:track_class"": ""4"", ""tiger:cfcc"": ""B11"", ""tiger:county"": ""Green Lake, WI"", ""tiger:name_base"": ""Union Pacific Railroad"", ""tiger:reviewed"": ""yes"", ""usage"": ""main""}",-5.908630180399001e-06,94.2981949979342,True
21497284,way,railroad,WSOR Waukesha Subdivision,42.87886740352618,-88.54031588688255,0.0,"{""electrified"": ""no"", ""gauge"": ""1435"", ""name"": ""WSOR Waukesha Subdivision"", ""operator"": ""Wisconsin and Southern Railroad"", ""railway"": ""rail"", ""usage"": ""branch""}",-8.312875686955808e-09,39.14050057775399,True
144351808,way,railroad,CN Superior Subdivision,46.65532788419694,-92.01208054092675,0.0,"{""electrified"": ""no"", ""gauge"": ""1435"", ""maxspeed"": ""10 mph"", ""name"": ""CN Superior Subdivision"", ""operator"": ""Canadian National Railway"", ""operator:wikidata"": ""Q624798"", ""railway"": ""rail"", ""railway:ctc"": ""yes"", ""railway:etms"": ""yes"", ""railway:preferred_direction"": ""both"", ""railway:ptc"": ""yes"", ""railway:rail"": ""continuous"", ""railway:track_class"": ""1"", ""railway:track_ref"": ""Main"", ""ref"": ""Superior"", ""usage"": ""main""}",8.909700393824206e-10,309.83980867375874,True
144838431,way,railroad,BNSF,46.76540912022488,-92.12203970146743,0.0,"{""electrified"": ""no"", ""gauge"": ""1435"", ""name"": ""BNSF"", ""operator"": ""BNSF Railway"", ""operator:wikidata"": ""Q267122"", ""railway"": ""rail"", ""tiger:cfcc"": ""B11"", ""tiger:county"": ""St. Louis, MN"", ""tiger:name_base"": ""City of Duluth Railroad"", ""tiger:reviewed"": ""no""}",2.9111942172518666e-08,317.8508030972427,True
178013374,way,railroad,Watertown Subdivision,43.32921903550405,-88.92655064739878,0.0,"{""electrified"": ""no"", ""gauge"": ""1435"", ""name"": ""Watertown Subdivision"", ""name:etymology:wikidata"": ""Q1207479"", ""operator"": ""CPKC"", ""operator:wikidata"": ""Q117706368"", ""passenger_lines"": ""2"", ""railway"": ""rail"", ""reporting_marks"": ""CP"", ""usage"": ""main"", ""wikidata"": ""Q7974512""}",-2.244786010089954e-06,71.04320083772669,True
205008522,way,railroad,Wisconsin & Southern Railroad,43.53989888243075,-89.1095972282449,0.0,"{""electrified"": ""no"", ""gauge"": ""1435"", ""name"": ""Wisconsin & Southern Railroad"", ""railway"": ""rail"", ""usage"": ""branch""}",-1.3274447786917218e-08,85.99965716172538,True
205796194,way,railroad,Whitehall Subdivision,44.396899045182856,-89.87036999399116,0.0,"{""electrified"": ""no"", ""gauge"": ""1435"", ""name"": ""Whitehall Subdivision"", ""operator"": ""Canadian National Railway"", ""operator:wikidata"": ""Q624798"", ""railway"": ""rail"", ""usage"": ""branch""}",-2.4365470796557787e-07,147.0591250211209,True
213950623,way,railroad,CN Superior Subdivision,46.55382439641584,-91.91117796275132,0.0,"{""electrified"": ""no"", ""gauge"": ""1435"", ""maxspeed"": ""30 mph"", ""name"": ""CN Superior Subdivision"", ""operator"": ""Canadian National Railway"", ""operator:wikidata"": ""Q624798"", ""railway"": ""rail"", ""railway:ctc"": ""yes"", ""railway:etms"": ""yes"", ""railway:preferred_direction"": ""both"", ""railway:ptc"": ""yes"", ""railway:rail"": ""continuous"", ""railway:track_class"": ""3"", ""railway:track_ref"": ""Main"", ""ref"": ""Superior"", ""usage"": ""main""}",1.178107399386602e-06,302.4598037204248,True
213950623#2,way,railroad,CN Superior Subdivision,46.53201760804427,-91.88956103224693,0.0,"{""electrified"": ""no"", ""gauge"": ""1435"", ""maxspeed"": ""30 mph"", ""name"": ""CN Superior Subdivision"", ""operator"": ""Canadian National Railway"", ""operator:wikidata"": ""Q624798"", ""railway"": ""rail"", ""railway:ctc"": ""yes"", ""railway:etms"": ""yes"", ""railway:preferred_direction"": ""both"", ""railway:ptc"": ""yes"", ""railway:rail"": ""continuous"", ""railway:track_class"": ""3"", ""railway:track_ref"": ""Main"", ""ref"": ""Superior"", ""usage"": ""main""}",-3.456228542012112e-09,300.8751401891444,True
315566336,way,railroad,,43.19545959103333,-88.81112333480138,0.0,"{""electrified"": ""no"", ""gauge"": ""1435"", ""operator"": ""Wisconsin and Southern Railroad"", ""railway"": ""rail"", ""tiger:cfcc"": ""B11"", ""tiger:county"": ""Jefferson, WI"", ""tiger:name_base"": ""Wisconsin & Southern Railroad"", ""tiger:reviewed"": ""no"", ""usage"": ""branch""}",-2.664023889337956e-06,61.55811280532228,True
315566729,way,railroad,Clyman Subdivision,43.13398143140434,-88.75827387781644,0.0,"{""electrified"": ""no"", ""gauge"": ""1435"", ""name"": ""Clyman Subdivision"", ""operator"": ""Union Pacific Railroad"", ""operator:wikidata"": ""Q725793"", ""railway"": ""rail"", ""usage"": ""branch""}",3.350130860617645e-08,57.20135031866128,True
366718925,way,railroad,Duluth Missabe and Iron Range,46.65564323387815,-92.01239471029062,0.0,"{""gauge"": ""1435"", ""name"": ""Duluth Missabe and Iron Range"", ""railway"": ""rail"", ""tiger:cfcc"": ""B11"", ""tiger:county"": ""Douglas, WI"", ""tiger:name_base"": ""Duluth Missabe and Iron Range"", ""tiger:reviewed"": ""no"", ""usage"": ""industrial""}",1.3968654746361705e-06,309.86274588436754,True
387607910,way,railroad,Valley Subdivision,44.37781187533735,-89.8531348609318,0.0,"{""electrified"": ""no"", ""gauge"": ""1435"", ""name"": ""Valley Subdivision"", ""operator"": ""Canadian National Railway"", ""operator:wikidata"": ""Q624798"", ""railway"": ""rail"", ""usage"": ""branch""}",2.0408029511372497e-07,145.69524022145876,True
388620758,way,railroad,CN Superior Subdivision,46.63955760250155,-91.9963730037415,0.0,"{""electrified"": ""no"", ""gauge"": ""1435"", ""maxspeed"": ""25 mph"", ""name"": ""CN Superior Subdivision"", ""operator"": ""Canadian National Railway"", ""operator:wikidata"": ""Q624798"", ""railway"": ""rail"", ""railway:ctc"": ""yes"", ""railway:etms"": ""yes"", ""railway:preferred_direction"": ""both"", ""railway:ptc"": ""yes"", ""railway:rail"": ""continuous"", ""railway:track_class"": ""2"", ""railway:track_ref"": ""Main"", ""ref"": ""Superior"", ""usage"": ""main""}",-2.0668691002177337e-07,308.692776809141,True
389116562,way,railroad,Medford Subdivision,44.885351028237466,-90.31611322999494,0.0,"{""electrified"": ""no"", ""gauge"": ""1435"", ""name"": ""Medford Subdivision"", ""operator"": ""Canadian National Railway"", ""operator:wikidata"": ""Q624798"", ""railway"": ""rail"", ""usage"": ""branch""}",4.752922414913577e-08,182.0257051977232,True
419631379,way,railroad,Fox Lake Subdivision,42.36022427117337,-88.10376634573964,0.0,"{""electrified"": ""no"", ""fixme"": ""unverified"", ""gauge"": ""1435"", ""name"": ""Fox Lake Subdivision"", ""old_railway_operator"": ""Milwaukee"", ""operator"": ""Metra"", ""operator:wikidata"": ""Q1814208"", ""railway"": ""rail"", ""railway:preferred_direction"": ""both"", ""tiger:cfcc"": ""B11"", ""tiger:county"": ""Lake, IL"", ""tiger:name_base"": ""Metra (Soo Line) Railroad"", ""tiger:name_base_1"": ""State of Wisconsin Railroad"", ""tiger:name_base_2"": ""Nirc"", ""tiger:reviewed"": ""no"", ""usage"": ""branch""}",-3.0111230787478838e-09,2.5116655058837143,True
888032843,way,railroad,Watertown Subdivision,43.32929375710798,-88.92661529820563,0.0,"{""electrified"": ""no"", ""gauge"": ""1435"", ""name"": ""Watertown Subdivision"", ""name:etymology:wikidata"": ""Q1207479"", ""operator"": ""CPKC"", ""operator:wikidata"": ""Q117706368"", ""railway"": ""rail"", ""usage"": ""main"", ""wikidata"": ""Q7974512""}",-2.243628460866877e-06,71.04850176549658,True
1389961352,way,railroad,CN Superior Subdivision,46.50178698184006,-91.85962891368969,0.0,"{""electrified"": ""no"", ""gauge"": ""1435"", ""maxspeed"": ""50 mph"", ""name"": ""CN Superior Subdivision"", ""operator"": ""Canadian National Railway"", ""operator:wikidata"": ""Q624798"", ""railway"": ""rail"", ""railway:ctc"": ""yes"", ""railway:etms"": ""yes"", ""railway:preferred_direction"": ""both"", ""railway:ptc"": ""yes"", ""railway:rail"": ""continuous"", ""railway:track_class"": ""4"", ""railway:track_ref"": ""Main"", ""ref"": ""Superior"", ""usage"": ""main""}",-4.438125705071869e-09,298.6788178567036,True
2748696055,node,intersection,WI 186 & WI 186;CTH N,44.5407182,-90.0250471,0.0,"{""intersecting_ways"": [""WI 186"", ""WI 186;CTH N""]}",-0.8753953975547095,157.9089600876964,False
3058364272,node,intersection,WI 13 & WI 13;WI 54 & WI 13;WI 73 & WI 54;WI 73 & WI 73,44.38563356666666,-89.83758733333333,0.0,"{""intersecting_ways"": [""WI 13"", ""WI 13;WI 54"", ""WI 13;WI 73"", ""WI 54;WI 73"", ""WI 73""]}",0.8151969442028507,145.72826740914832,False
3076256028,node,intersection,WI 13 & WI 73,44.30702666666667,-89.81023403333332,0.0,"{""intersecting_ways"": [""WI 13"", ""WI 73""]}",-0.7548088117220941,141.12511582623463,False
53819674,node,intersection,CTH P & WI 146,43.5432182,-89.108017,0.0,"{""intersecting_ways"": [""CTH P"", ""WI 146""]}",0.1646502473601265,86.13133120406508,True
53964447,node,intersection,WI 22 & WI 22;WI 23;CTH C & WI 23;CTH C,43.7912227,-89.3194094,0.0,"{""intersecting_ways"": [""WI 22"", ""WI 22;WI 23;CTH C"", ""WI 23;CTH C""]}",0.3864003094659439,103.62309878585025,False
53964781,node,intersection,WI 23 & WI 23;CTH C,43.7908049,-89.3157796,0.0,"{""intersecting_ways"": [""WI 23"", ""WI 23;CTH C""]}",0.5056877988575089,103.51750784225464,False
53967423,node,intersection,CTH C & WI 23 & WI 23;CTH C,43.7923396,-89.3302784,0.0,"{""intersecting_ways"": [""CTH C"", ""WI 23"", ""WI 23;CTH C""]}",0.02491807980249641,103.93251005540515,True
53964392,node,intersection,CTH F & WI 22,43.7800617,-89.3256442,0.0,"{""intersecting_ways"": [""CTH F"", ""WI 22""]}",-0.20127106501424033,103.2027104891556,True
53952814,node,intersection,CTH B;CTH J & CTH J,43.8780097,-89.4050727,0.0,"{""intersecting_ways"": [""CTH B;CTH J"", ""CTH J""]}",0.05552869686809949,110.01111264049787,True
3430868979,node,intersection,CTH B;CTH J & CTH J,43.8779511,-89.4101532,0.0,"{""intersecting_ways"": [""CTH B;CTH J"", ""CTH J""]}",-0.13176751334391443,110.12634074854833,True
1970485625,node,intersection,CH 48 & US 53;MN 194,46.8365589,-92.2170602,0.0,"{""intersecting_ways"": [""CH 48"", ""US 53;MN 194""]}",-0.8005737309463077,323.58311832107466,False
188144887,node,intersection,CH 90 & MN 194,46.8004604,-92.1321515,0.0,"{""intersecting_ways"": [""CH 90"", ""MN 194""]}",0.8477323042090092,319.8213569029582,False
253862986,node,intersection,CH 90 & US 53,46.7825345,-92.1387803,0.0,"{""intersecting_ways"": [""CH 90"", ""US 53""]}",0.014090937464295922,319.08809698232045,True
230773267,node,intersection,US 53 & WI 35,46.733805,-92.0934178,0.0,"{""intersecting_ways"": [""US 53"", ""WI 35""]}",-0.10196246126933867,315.6199604282614,True
3273980896,node,intersection,US 2 & US 2;US 53 & US 53,46.72226176666666,-92.06845913333332,0.0,"{""intersecting_ways"": [""US 2"", ""US 2;US 53"", ""US 53""]}",0.3536562521134055,314.46763437327525,False
4744512708,node,intersection,CTH Z & WI 13,46.6476506,-91.9822015,0.0,"{""intersecting_ways"": [""CTH Z"", ""WI 13""]}",0.7564489881827942,308.76431952513644,False
3779128007,node,intersection,CTH C & CTH C;CTH K & CTH K,46.604213,-91.983781,0.0,"{""intersecting_ways"": [""CTH C"", ""CTH C;CTH K"", ""CTH K""]}",-0.7687774484286041,306.64779866494507,False
230870849,node,intersection,CTH C & CTH C;CTH K & CTH K,46.6080454,-91.9838068,0.0,"{""intersecting_ways"": [""CTH C"", ""CTH C;CTH K"", ""CTH K""]}",-0.6398310967658514,306.83837555404716,False
230871056,node,intersection,CTH C & CTH E & CTH E;CTH C,46.6043709,-91.9448518,0.0,"{""intersecting_ways"": [""CTH C"", ""CTH E"", ""CTH E;CTH C""]}",0.562605670953403,305.74992893520033,False
230868805,node,intersection,CTH B & CTH E,46.5032415,-91.8504154,0.0,"{""intersecting_ways"": [""CTH B"", ""CTH E""]}",0.36387895805351245,298.5366786905083,False
230872706,node,intersection,CTH E & CTH K,46.6343652,-91.9839629,0.0,"{""intersecting_ways"": [""CTH E"", ""CTH K""]}",0.24645580646480766,308.14670894516547,True
597488796,node,intersection,CTH L & US 53,46.44584795,-91.81701765,0.0,"{""intersecting_ways"": [""CTH L"", ""US 53""]}",-0.43332206250546534,294.9109441802803,False
230872761,node,intersection,CTH E & CTH Z,46.6477187,-91.9976636,0.0,"{""intersecting_ways"": [""CTH E"", ""CTH Z""]}",0.23261317903475745,309.1273078065026,True
230951663,node,intersection,CTH UU & WI 13,46.6476287,-91.9771639,0.0,"{""intersecting_ways"": [""CTH UU"", ""WI 13""]}",0.9271415666127654,308.64609315697385,False
231255930,node,intersection,WI 59 & WI 59;CTH H,42.8845222,-88.560333,0.0,"{""intersecting_ways"": [""WI 59"", ""WI 59;CTH H""]}",-0.5678660028435814,39.89439626485109,False
3409496519,node,intersection,CTH O & CTH O;CTH Z & CTH Z,42.5309274,-88.2534117,0.0,"{""intersecting_ways"": [""CTH O"", ""CTH O;CTH Z"", ""CTH Z""]}",-0.2603000447840942,14.715493384992822,False
231298823,node,intersection,CTH EM & CTH Z,42.532174,-88.2485921,0.0,"{""intersecting_ways"": [""CTH EM"", ""CTH Z""]}",-0.03956573241139013,14.66702459933157,True
232358837,node,intersection,CTH B & CTH K,45.9971969,-91.3838438,0.0,"{""intersecting_ways"": [""CTH B"", ""CTH K""]}",-0.6181587001553377,262.517086418122,False
232458654,node,intersection,CTH K & WI 77,46.0242995,-91.3839898,0.0,"{""intersecting_ways"": [""CTH K"", ""WI 77""]}",0.2847072896698762,263.8709036434635,False
232692866,node,intersection,WI 11 & WI 120,42.6912394,-88.404694,0.0,"{""intersecting_ways"": [""WI 11"", ""WI 120""]}",-0.874068279319189,26.41825564311651,False
232700852,node,intersection,WI 20 & WI 20;CTH N,42.792861,-88.464641,0.0,"{""intersecting_ways"": [""WI 20"", ""WI 20;CTH N""]}",0.10026595849705745,32.99587834173114,True
235442354,node,intersection,IL 176 & IL 60;IL 83,42.277163,-88.040732,0.0,"{""intersecting_ways"": [""IL 176"", ""IL 60;IL 83""]}",-0.23015771951882524,3.20222270078474,True
661024054,node,intersection,CTH W & V44,42.4952638,-88.1985423,0.0,"{""intersecting_ways"": [""CTH W"", ""V44""]}",0.6801500090862461,11.617509514690573,False
235373680,node,intersection,CR A22 & CR V63,42.359514,-88.0905704,0.0,"{""intersecting_ways"": [""CR A22"", ""CR V63""]}",0.4761648043835552,2.168398997804332,False
236246540,node,intersection,IL 173 & V44,42.4808473,-88.2040973,0.0,"{""intersecting_ways"": [""IL 173"", ""V44""]}",0.016147577578432933,11.010213912399584,True
235478832,node,intersection,IL 60 & IL 60;IL 83 & IL 83,42.278977,-88.042356,0.0,"{""intersecting_ways"": [""IL 60"", ""IL 60;IL 83"", ""IL 83""]}",-0.23457120770425213,3.0716573363164827,True
53293644,node,intersection,WI 186 & WI 186;CTH N,44.5551966,-90.0252559,0.0,"{""intersecting_ways"": [""WI 186"", ""WI 186;CTH N""]}",-0.4101045448528774,158.64329586321756,False
1337916206,node,intersection,I 535 & I 535;US 53 & US 53 & WI 35,46.7349639,-92.09784956666665,0.0,"{""intersecting_ways"": [""I 535"", ""I 535;US 53"", ""US 53"", ""WI 35""]}",-0.2130460529707286,315.7804619317209,True
188124815,node,intersection,CH 54 & CH 91,46.7893039,-92.1747862,0.0,"{""intersecting_ways"": [""CH 54"", ""CH 91""]}",-0.9761518973079472,320.26101929428586,False
1970484584,node,intersection,CH 6 & CH 91,46.8075739,-92.17477325,0.0,"{""intersecting_ways"": [""CH 6"", ""CH 91""]}",-0.3546092249381595,321.1648780606816,False
188122841,node,intersection,MN 194 & US 53 & US 53;MN 194,46.80424375,-92.15362785,0.0,"{""intersecting_ways"": [""MN 194"", ""US 53"", ""US 53;MN 194""]}",0.24854055368167438,320.5081176949012,True
230848585,node,intersection,CTH A & US 2;US 53,46.6890735,-92.0249766,0.0,"{""intersecting_ways"": [""CTH A"", ""US 2;US 53""]}",0.7053733197001756,311.8120689915225,False
1970484373,node,intersection,MN 194 & US 53;MN 194,46.8049662,-92.1554055,0.0,"{""intersecting_ways"": [""MN 194"", ""US 53;MN 194""]}",0.21286395002389086,320.5852271626412,True
1970484606,node,intersection,CH 6 & US 53;MN 194,46.8077142,-92.16331406666666,0.0,"{""intersecting_ways"": [""CH 6"", ""US 53;MN 194""]}",0.03833158277525288,320.90521262550925,True
188122851,node,intersection,CH 91 & US 53;MN 194,46.81477545,-92.17477355,0.0,"{""intersecting_ways"": [""CH 91"", ""US 53;MN 194""]}",-0.10979668360104725,321.52128102425513,True
188122863,node,intersection,CH 32 & US 53;MN 194,46.82210715,-92.18656865,0.0,"{""intersecting_ways"": [""CH 32"", ""US 53;MN 194""]}",-0.25995201118523775,322.1585277697619,False
188122872,node,intersection,CH 17 & US 53;MN 194,46.8277149,-92.1957724,0.0,"{""intersecting_ways"": [""CH 17"", ""US 53;MN 194""]}",-0.38086405721514666,322.6501619521691,False
3076267327,node,intersection,WI 13 & WI 13;WI 73,44.3861049,-89.8382511,0.0,"{""intersecting_ways"": [""WI 13"", ""WI 13;WI 73""]}",0.8065984762976939,145.7674854079599,False
53293941,node,intersection,WI 186 & WI 186;CTH C;CTH HH,44.4847338,-89.9723805,0.0,"{""intersecting_ways"": [""WI 186"", ""WI 186;CTH C;CTH HH""]}",-0.8100131307067541,153.8618852571133,False
2157414902,node,intersection,WI 13 & WI 13;WI 54,44.3851673,-89.8368368,0.0,"{""intersecting_ways"": [""WI 13"", ""WI 13;WI 54""]}",0.8270896417508383,145.68728735152663,False
597488749,node,intersection,CTH B & US 53,46.503273,-91.83522905000001,0.0,"{""intersecting_ways"": [""CTH B"", ""US 53""]}",0.883740500362496,298.1850673511802,False
53309282,node,intersection,CTH Z & WI 13,44.3514757,-89.8169579,0.0,"{""intersecting_ways"": [""CTH Z"", ""WI 13""]}",0.4481240775974866,143.5248083685311,False
53819644,node,intersection,WI 33 & WI 33;CTH H,43.570899,-89.157556,0.0,"{""intersecting_ways"": [""WI 33"", ""WI 33;CTH H""]}",-0.7679897257799126,88.68835770994095,False
4643123204,node,intersection,US 2 & WI 35,46.72066015,-92.10394265,0.0,"{""intersecting_ways"": [""US 2"", ""WI 35""]}",-0.9054765659411066,315.2139226149975,False
349327469,node,intersection,CTH P & WI 50,42.58326325,-88.2962754,0.0,"{""intersecting_ways"": [""CTH P"", ""WI 50""]}",-0.21934169231970937,18.385073508506007,True
53885510,node,intersection,WI 146 & WI 146;CTH A,43.4931529,-89.092244,0.0,"{""intersecting_ways"": [""WI 146"", ""WI 146;CTH A""]}",-0.8613599831564437,83.22365060336426,False
232700859,node,intersection,WI 20 & WI 20;CTH N,42.7926929,-88.4448136,0.0,"{""intersecting_ways"": [""WI 20"", ""WI 20;CTH N""]}",0.8368666615454596,32.526152712117934,False
53863770,node,intersection,WI 33 & WI 33;CTH H,43.570964,-89.147554,0.0,"{""intersecting_ways"": [""WI 33"", ""WI 33;CTH H""]}",-0.3983009334342358,88.45889864509623,False
235650802,node,intersection,A33 & IL 60,42.3022486,-88.0749632,0.0,"{""intersecting_ways"": [""A33"", ""IL 60""]}",-0.7360819988298057,1.1227785005650746,False
188105711,node,intersection,CH 48 & CH 9,46.8654926,-92.2171551,0.0,"{""intersecting_ways"": [""CH 48"", ""CH 9""]}",0.18061240105390453,325.0166898722982,True
616617879,node,intersection,CH 54 & US 53,46.7751401,-92.14315400000001,0.0,"{""intersecting_ways"": [""CH 54"", ""US 53""]}",-0.3854021054458995,318.8238089127063,False
235475343,node,intersection,CR V63 & IL 134,42.35395,-88.0933524,0.0,"{""intersecting_ways"": [""CR V63"", ""IL 134""]}",0.19592039238711578,1.9486313592334676,True
5538619433,node,intersection,WI 22 & WI 22;WI 23;CTH C & WI 23;CTH C,43.7921192,-89.3274298,0.0,"{""intersecting_ways"": [""WI 22"", ""WI 22;WI 23;CTH C"", ""WI 23;CTH C""]}",0.12198310577472028,103.85507771910633,True
232296451,node,intersection,US 8 & US 8;CTH B,45.4956801,-90.8947789,0.0,"{""intersecting_ways"": [""US 8"", ""US 8;CTH B""]}",-0.3020447156077114,226.09649784174383,False
231272859,node,intersection,CTH O & CTH O;CTH Z,42.5383122,-88.2562532,0.0,"{""intersecting_ways"": [""CTH O"", ""CTH O;CTH Z""]}",-0.13405464639166223,15.158729029342421,True
231281486,node,intersection,CTH F & CTH F;CTH KD,42.5436878,-88.2369201,0.0,"{""intersecting_ways"": [""CTH F"", ""CTH F;CTH KD""]}",0.7631280804300604,14.98357213928921,False
235262686,node,intersection,IL 120 & IL 134,42.3450589,-88.0699806,0.0,"{""intersecting_ways"": [""IL 120"", ""IL 134""]}",0.7993124665686467,0.9504281205747503,False
232358781,node,intersection,CTH B & CTH NN,45.9900059,-91.3316362,0.0,"{""intersecting_ways"": [""CTH B"", ""CTH NN""]}",0.9486939747516423,260.944259468244,False
188188614,node,intersection,CH 32 & CH 91,46.8220481,-92.1747835,0.0,"{""intersecting_ways"": [""CH 32"", ""CH 91""]}",0.13710618253297308,321.88142711753744,True
188124793,node,intersection,CH 54 & CH 56,46.7787707,-92.15398,0.0,"{""intersecting_ways"": [""CH 54"", ""CH 56""]}",-0.6290346358317722,319.25544954734744,False
9928068021,node,intersection,I 35 & I-35,46.7693027,-92.1186979,0.0,"{""intersecting_ways"": [""I 35"", ""I-35""]}",0.245566200585669,317.96584488023126,True
235311776,node,intersection,IL 132 & IL 59,42.4154915,-88.1237271,0.0,"{""intersecting_ways"": [""IL 132"", ""IL 59""]}",0.9866805325511776,5.801180924951317,False
9736288112,node,intersection,CTH EM & CTH F,42.5462049,-88.2448642,0.0,"{""intersecting_ways"": [""CTH EM"", ""CTH F""]}",0.543664311189493,15.296877618385906,False
53315724,node,intersection,WI 186 & WI 186;CTH C;CTH HH,44.4819827,-89.9640491,0.0,"{""intersecting_ways"": [""WI 186"", ""WI 186;CTH C;CTH HH""]}",-0.6001329219429394,153.52931862458502,False
232322074,node,intersection,US 8 & US 8;CTH B,45.4972151,-90.8841228,0.0,"{""intersecting_ways"": [""US 8"", ""US 8;CTH B""]}",0.12261632596780205,225.92538255725896,True
1869500619,cluster,wind_farm,Wind Farm (61 turbines),43.581232598360664,-89.14342834918033,67608770.94782087,"{""turbine_count"": 61}",0.08309703320180947,88.88383428171979,True
3LL4,faa_airport,airport,Pillow Hill (3LL4),42.44724166,-88.20147611,0.0,"{""arpt_id"": ""3LL4"", ""city"": ""SPRING GROVE"", ""use"": ""PR""}",-0.9450962255307856,9.232407757936564,False
WI92,faa_airport,airport,Wag-Aero (WI92),42.6611275,-88.36120527,0.0,"{""arpt_id"": ""WI92"", ""city"": ""LYONS"", ""use"": ""PR""}",-0.19592052273948093,23.869956965663388,True
0WI4,faa_airport,airport,Snow Crest Ranch (0WI4),43.8294225,-89.35261972,0.0,"{""arpt_id"": ""0WI4"", ""city"": ""MONTELLO"", ""use"": ""PR""}",0.4036234537723266,106.33058365232439,False
9WI8,faa_airport,airport,Fletcher (9WI8),42.69390472,-88.37926166,0.0,"{""arpt_id"": ""9WI8"", ""city"": ""SPRING PRAIRIE"", ""use"": ""PR""}",0.1639498638516696,25.962466868710447,True
ISW,faa_airport,airport,Alexander Fld South Wood County (ISW),44.36035555,-89.83904333,0.0,"{""arpt_id"": ""ISW"", ""city"": ""WISCONSIN RAPIDS"", ""use"": ""PU""}",-0.05985289748630589,144.486648641675,True
